"Keyword","Intent","Volume","Keyword Difficulty","CPC (USD)","SERP Features"
"wedding alcohol calculator","Commercial","2400","13","0.55","Sitelinks, Video, Video Carousel, People also ask, Related searches, Twitter"
"cash wedding gift calculator","Informational","1600","22","0.00","Sitelinks, AI overview, Video, People also ask, Related searches"
"wedding drink calculator","Commercial","1600","10","0.66","Sitelinks, Video, Related searches"
"liquor calculator wedding","Informational, Commercial","1300","20","0.55","Sitelinks, Video, Related searches, Twitter"
"liquor wedding calculator","Commercial","1300","10","0.55","Sitelinks, Video, Related searches, Twitter"
"wedding budget calculator","Commercial","1300","32","1.82","Video, People also ask, Related searches"
"alcohol calculator wedding","Commercial","1000","24","0.66","Sitelinks, Video, Video Carousel, Related searches, Twitter"
"wedding liquor calculator","Commercial","1000","23","0.55","Sitelinks, Image pack, Video, Video Carousel, People also ask, Related searches, Twitter"
"wedding cost calculator","Commercial","720","18","1.65","Video, People also ask, Related searches, Twitter"
"wedding money gift calculator","Informational","720","37","0.45","Sitelinks, AI overview, Video, People also ask, Related searches"
"wedding beverage calculator","Commercial","590","8","0.66","Sitelinks, Video, Video Carousel, Related searches"
"wedding gift cash calculator","Informational","480","21","0.00","Sitelinks, AI overview, Video, Related searches"
"wedding loan calculator","Commercial","480","44","3.06","Video, People also ask, Related searches"
"wedding booze calculator","Commercial","390","13","0.55","Sitelinks, Video, Related searches, Twitter"
"alcohol calculator for wedding","Commercial","320","10","0.66","Sitelinks, Video, Video Carousel, People also ask, Related searches, Twitter"
"alcohol wedding calculator","Commercial","320","10","0.66","Sitelinks, Video, Related searches"
"drink calculator for wedding","Informational","320","7","0.55","Sitelinks, Video, Related searches, Twitter"
"wedding cake calculator","Informational","320","7","0.00","Sitelinks, Video, Related searches"
"wedding calculator","Commercial","320","22","1.70","Video, People also ask, Related searches, Twitter"
"wedding date numerology calculator","Informational","320","31","0.00","AI overview, Video, People also ask, Related searches, Twitter"
"wedding gift calculator","Informational","320","9","0.00","Video, People also ask, Related searches"
"wedding price calculator","Transactional","320","15","1.65","Video, Related searches, Twitter"
"wedding reception alcohol calculator","Commercial","260","10","0.66","Sitelinks, Video, Video Carousel, People also ask, Related searches, Twitter"
"wedding cash gift calculator","Informational","210","32","0.00","Sitelinks, Video, People also ask, Related searches"
"liquor calculator for wedding reception","Informational, Commercial","170","4","0.55","Sitelinks, AI overview, Video, Video Carousel, Related searches, Twitter"
"wedding dress alterations calculator","Informational","170","","0.00","Sitelinks, AI overview, Video, People also ask, Related searches"
"wedding floral budget calculator","Informational","170","","1.57","Sitelinks, AI overview, Video, People also ask, Related searches"
"wedding flower budget calculator","Informational","170","8","1.57","Sitelinks, AI overview, Video, People also ask"
"liquor calculator for wedding","Commercial","140","10","0.55","Sitelinks, Video, Video Carousel, Related searches, Twitter"
"wedding anniversary calculator","Informational","140","6","0.00","Sitelinks, Video, People also ask, Related searches, Twitter"
"wedding catering cost calculator","Informational","140","2","1.38","Sitelinks, AI overview, Video, People also ask, Related searches, Twitter"
"wedding dress size calculator","Informational","140","11","1.91","AI overview, Image pack, Video, People also ask, Related searches"
"wedding drinks calculator","Commercial","140","10","0.66","Sitelinks, Video, People also ask, Related searches"
"wedding gift calculator the knot","Informational","140","61","0.00","Sitelinks, Video, People also ask, Related searches"
"ice calculator for wedding","Informational","110","","0.00","AI overview, Video, People also ask, Related searches, Twitter"
"numerology date calculator wedding","Commercial","110","25","0.00","Sitelinks, Video, Related searches"
"numerology wedding date calculator","Informational","110","29","0.00","AI overview, Video, Related searches, Twitter"
"online wedding alcohol calculator","Commercial","110","15","0.00","Sitelinks, Video, Related searches, Twitter"
"wedding bar calculator","Commercial","110","3","0.54","Sitelinks, Image pack, Video, Video Carousel, Related searches, Twitter"
"wedding dress value calculator","Informational","110","","0.00","Sitelinks, Video, Related searches"
"wedding flower cost calculator","Informational","110","1","1.18","Sitelinks, AI overview, Image pack, Video, People also ask, Related searches, Twitter"
"alcohol for wedding calculator","Commercial","90","2","1.30","Sitelinks, Video, Video Carousel, Related searches"
"calculate wedding anniversary","Informational","90","7","0.00","Sitelinks, Video, People also ask, Related searches, Twitter"
"costco wedding alcohol calculator","Informational, Commercial","90","16","0.00","Sitelinks, AI overview, Image pack, Video, People also ask, Related searches"
"how to calculate alcohol for a wedding","Informational","90","5","0.76","Sitelinks, AI overview, Video, Video Carousel, People also ask, Discussions and forums, Related searches"
"how to calculate alcohol for wedding","Informational","90","12","0.39","Sitelinks, AI overview, Video, Video Carousel, People also ask, Discussions and forums, Related searches"
"wedding cake cost calculator","Informational","90","10","0.00","Image pack, Video, People also ask, Related searches, Twitter"
"wedding numerology date calculator","Informational","90","28","0.00","Sitelinks, AI overview, Video, Related searches, Twitter"
"wedding reception cost calculator","Informational","90","16","1.84","Video, People also ask, Related searches, Twitter"
"wedding rsvp date calculator","Informational","90","","3.14","Sitelinks, AI overview, Video, People also ask, Related searches, Twitter"
"wedding wine calculator","Commercial","90","7","0.73","Sitelinks, Video, Related searches, Twitter"
"beer and wine calculator for wedding","Commercial","70","13","0.41","Sitelinks, Image pack, Video, People also ask, Related searches, Twitter"
"beer and wine calculator wedding","Commercial","70","2","0.62","Sitelinks, Video, Related searches"
"beer calculator wedding","Commercial","70","19","0.67","Sitelinks, Video, People also ask, Related searches, Twitter"
"beer wedding calculator","Commercial","70","18","0.67","Sitelinks, Video, People also ask, Related searches, Twitter"
"beer wine wedding calculator","Commercial","70","11","0.62","Sitelinks, Video, Related searches"
"flower calculator wedding","Informational","70","12","1.08","Sitelinks, Video, Video Carousel, People also ask, Related searches"
"how to calculate drinks for a wedding","Informational","70","5","0.39","Sitelinks, AI overview, Video, Short videos, People also ask, Discussions and forums, Related searches"
"how to calculate how many flowers for a wedding","Informational","70","7","1.36","Sitelinks, AI overview, Video, People also ask, Related searches"
"total wine wedding calculator","Informational","70","31","0.15","Sitelinks, Video, Related searches, Twitter"
"wedding cake price calculator","Transactional","70","10","0.00","Sitelinks, Video, Video Carousel, People also ask, Related searches, Twitter"
"wedding flower calculator","Informational","70","6","1.08","Sitelinks, Video, Video Carousel, People also ask, Related searches"
"wedding guest calculator","Informational","70","13","2.47","Sitelinks, Video, Related searches, Ads bottom, Twitter"
"wedding invitation timeline calculator","Informational","70","","0.00","Sitelinks, AI overview, Video, Related searches, Twitter"
"wedding venue cost calculator","Informational","70","7","0.00","Video, Related searches, Twitter"
"wine and beer wedding calculator","Commercial","70","20","0.62","Sitelinks, Video, Related searches, Ads bottom"
"alex wedding guests calculation","","50","","0.00",""
"beer calculator for wedding","Commercial","50","4","0.84","Sitelinks, Video, People also ask, Related searches"
"calculating alcohol for wedding","Informational, Commercial","50","10","0.66","Sitelinks, AI overview, Video, Video Carousel, Short videos, People also ask, Related searches"
"drink calculator wedding","Commercial","50","11","0.66","Sitelinks, Video, Related searches, Twitter"
"drinks calculator for wedding","Commercial","50","14","0.55","Sitelinks, Video, Related searches, Twitter"
"find an online wedding alcohol calculator.","Informational, Commercial","50","7","0.00","Sitelinks, AI overview, Video, Video Carousel, Related searches, Twitter"
"free wedding budget calculator with export options","Informational","50","33","0.00","AI overview, Video, Video Carousel, Related searches, Twitter"
"how much alcohol wedding calculator","Informational","50","5","0.00","Sitelinks, Video, Related searches"
"numerology calculator for wedding date","Informational","50","27","0.00","Sitelinks, AI overview, Video, People also ask, Related searches, Twitter"
"wedding astrology calculator","Informational","50","33","0.79","Video, Related searches"
"wedding beer calculator","Commercial","50","10","0.53","Sitelinks, Video, Video Carousel, Related searches, Twitter"
"wedding calculator countdown","Informational","50","26","0.00","Video, People also ask, Related searches, Twitter"
"wedding countdown calculator","Informational","50","22","0.00","Related searches, Twitter"
"wedding date calculator","Informational","50","24","0.00","Video, People also ask, Related searches, Twitter"
"wedding ring budget calculator","Informational","50","25","0.00","Sitelinks, Video, People also ask, Related searches"
"alcohol calculator for wedding reception","Commercial","40","8","0.55","Sitelinks, Video, Video Carousel, People also ask, Related searches, Twitter"
"bar calculator for wedding","","40","","0.54",""
"best wedding alcohol calculator","Commercial","40","19","0.49","Sitelinks, AI overview, Video, Video Carousel, People also ask, Related searches"
"calculating alcohol for a wedding","Informational","40","16","0.53","Sitelinks, AI overview, Video, Video Carousel, Short videos, People also ask, Discussions and forums, Related searches, Twitter"
"destination wedding calculator","Informational","40","","1.64","Sitelinks, Video, People also ask, Related searches, Twitter"
"feng shui wedding date calculator 2026","Informational","40","","0.00","Sitelinks, AI overview, Video, Related searches, Twitter"
"free wedding budget calculator","Informational","40","22","2.75","Video, Related searches, Ads bottom"
"how much alcohol for a wedding calculator","Informational","40","10","0.00","Sitelinks, Video, People also ask, Discussions and forums, Related searches"
"how much alcohol for wedding calculator","Informational","40","14","0.41","Sitelinks, Video, People also ask, Related searches, Twitter"
"online wedding budget calculator","Commercial","40","32","0.00","Video, Related searches, Ads middle, Twitter"
"the knot wedding alcohol calculator","Commercial","40","13","0.00","Sitelinks, Video, People also ask, Related searches, Twitter"
"the knot wedding budget calculator","Navigational","40","40","2.52","Video, People also ask, Related searches, Twitter"
"the knot wedding calculator","","40","","2.42",""
"wedding budget breakdown calculator","Informational","40","22","1.44","Video, Related searches, Twitter"
"wedding budget calculator free","Commercial","40","23","1.78","Video, Related searches, Ads bottom"
"wedding dress budget calculator","Informational","40","34","0.00","AI overview, Video, People also ask, Related searches"
"wine calculator for wedding","Commercial","40","13","1.39","Sitelinks, Video, Video Carousel, People also ask, Related searches"
"alcohol for a wedding calculator","","30","","0.55",""
"alcohol for weddings calculator","Commercial","30","13","1.30","Sitelinks, Video, People also ask, Related searches"
"beer for wedding calculator","","30","","0.67",""
"beverage calculator for wedding","","30","","0.55",""
"calculating how much alcohol to buy for a wedding","Informational","30","14","1.05","Sitelinks, Ads top, Video, Short videos, Related searches, Ads middle"
"chinese wedding date calculator","","30","","0.00",""
"destination wedding budget calculator","","30","","0.00",""
"feng shui wedding date calculator 2025","","30","","0.00",""
"indian wedding cost calculator","","30","","0.00",""
"non alcoholic drink calculator for wedding","","30","","0.00",""
"saving for a wedding calculator","","30","","0.00",""
"wedding alcohol calculator the knot","","30","","0.00",""
"wedding calculator alcohol","","30","","0.55",""
"wedding date numerology calculator by date of birth","","30","","0.00",""
"wedding tent size calculator","","30","","0.00",""
"what size wedding dress am i calculator","","30","","2.06",""
"alcohol at wedding calculator","","20","","0.00",""
"alcohol cost calculator wedding","","20","","0.00",""
"alcohol cost wedding calculator","","20","","0.00",""
"alcohol for wedding reception calculator","","20","","0.55",""
"alcohol per person wedding calculator","","20","","0.00",""
"all in weddings calculator","","20","","0.00",""
"astrology wedding date calculator","","20","","0.00",""
"auspicious wedding date calculator","","20","","0.00",""
"average wedding cost calculator","","20","","0.00",""
"bar tab calculator wedding","","20","","0.00",""
"bazi wedding date calculator","","20","","0.00",""
"beer and wine for wedding calculator","","20","","0.00",""
"beer and wine only wedding calculator","","20","","0.00",""
"beer and wine wedding calculator","","20","","0.41",""
"beer wine calculator wedding","","20","","0.00",""
"best wedding budget calculator","","20","","0.00",""
"best wedding date numerology calculator","","20","","0.00",""
"beverage calculator for wedding reception","","20","","0.30",""
"bevmo wedding alcohol calculator","","20","","0.00",""
"bevmo wedding calculator","","20","","0.00",""
"buying alcohol for wedding calculator","","20","","0.00",""
"byob wedding calculator","","20","","0.00",""
"calculate alcohol for wedding","","20","","0.55",""
"calculate auspicious wedding date","","20","","0.00",""
"calculate beer and wine for wedding","","20","","0.00",""
"calculate drinks for a wedding","","20","","0.00",""
"calculate how much alcohol for wedding","","20","","0.00",""
"calculate my wedding anniversary","","20","","0.00",""
"calculate wedding alcohol","","20","","0.00",""
"calculate wedding budget","","20","","1.82",""
"calculate wedding date chinese wedding","","20","","0.00",""
"calculating drinks for a wedding","","20","","0.00",""
"calculator for alcohol at wedding","","20","","0.00",""
"cash wedding gift calculator 2024","","20","","0.00",""
"catering calculator wedding","","20","","0.00",""
"champagne calculator wedding","","20","","0.00",""
"champagne toast wedding calculator","","20","","0.00",""
"chinese auspicious wedding date calculator","","20","","0.00",""
"chinese wedding date calculator based on date of birth","","20","","0.00",""
"choosing wedding date astrology calculator","","20","","0.00",""
"cost of alcohol for wedding calculator","","20","","0.00",""
"cost of wedding calculator","","20","","1.65",""
"dessert calculator for wedding","","20","","0.00",""
"destination wedding cost calculator","","20","","2.49",""
"destination wedding guest calculator","","20","","0.00",""
"disney wedding calculator","","20","","0.00",""
"disney wedding cost calculator","","20","","1.29",""
"dream wedding calculator","","20","","1.38",""
"drink calculator for a wedding","","20","","0.00",""
"drink calculator for wedding reception","","20","","0.30",""
"drinks for wedding calculator","","20","","0.00",""
"drinks for wedding reception calculator","","20","","0.00",""
"drinks per person wedding calculator","","20","","0.00",""
"feng shui wedding date calculator","","20","","0.00",""
"food calculator for wedding","","20","","1.33",""
"food calculator for wedding reception","","20","","0.00",""
"free cash wedding gift calculator","","20","","0.00",""
"free wedding alcohol calculator","","20","","0.00",""
"free wedding calculator","","20","","1.88",""
"free wedding gift calculator","","20","","0.00",""
"glassware calculator for wedding","","20","","0.00",""
"hard rock wedding calculator","","20","","0.00",""
"hindu wedding date calculator","","20","","0.00",""
"horoscope wedding date calculator","","20","","0.00",""
"how do you calculate alcohol for a wedding","","20","","0.00",""
"how do you calculate your wedding anniversary date","","20","","0.00",""
"how many drinks for a wedding calculator","","20","","0.00",""
"how much alcohol calculator for wedding","","20","","0.00",""
"how much alcohol do i need for my wedding calculator","","20","","0.00",""
"how much alcohol to buy for wedding calculator","","20","","0.45",""
"how much beer and wine for a wedding reception calculator","","20","","0.00",""
"how much beer for a wedding calculator","","20","","0.00",""
"how much is my wedding ring worth calculator","","20","","1.74",""
"how much liquor for wedding calculator","","20","","0.00",""
"how much money to give as a wedding gift calculator","","20","","0.00",""
"how much money to give at a wedding calculator","","20","","0.00",""
"how much should i give for a wedding gift calculator","","20","","0.00",""
"how much soda for a wedding calculator","","20","","0.00",""
"how much to give at a wedding calculator","","20","","0.00",""
"how much to give at wedding calculator","","20","","0.00",""
"how much to spend on wedding gift calculator","","20","","0.00",""
"how much to spend on wedding ring calculator","","20","","0.00",""
"how much wedding can i afford calculator","","20","","0.00",""
"how much wine and beer for a wedding calculator","","20","","0.00",""
"how much wine for a wedding calculator","","20","","0.00",""
"how much wine for wedding calculator","","20","","0.00",""
"how much wine to buy for wedding calculator","","20","","0.00",""
"how to calculate 60th wedding anniversary","","20","","0.00",""
"how to calculate alcohol for a wedding reception","","20","","0.00",""
"how to calculate amount of alcohol for wedding","","20","","0.00",""
"how to calculate auspicious wedding date","","20","","0.00",""
"how to calculate beer and wine for a wedding","","20","","0.00",""
"how to calculate beer for a wedding","","20","","0.00",""
"how to calculate beverages for a wedding","","20","","0.00",""
"how to calculate drinks for wedding","","20","","0.00",""
"how to calculate how many drinks for a wedding","","20","","0.00",""
"how to calculate how many guests will attend wedding","","20","","0.00",""
"how to calculate how much alcohol for a wedding","","20","","0.00",""
"how to calculate how much alcohol for wedding","","20","","0.00",""
"how to calculate how much liquor for a wedding","","20","","0.08",""
"how to calculate how much wine for a wedding","","20","","0.00",""
"how to calculate liquor for a wedding","","20","","0.00",""
"how to calculate liquor for wedding","","20","","0.00",""
"how to calculate tax and gratuity for a wedding","","20","","0.00",""
"how to calculate wedding alcohol","","20","","0.00",""
"how to calculate wedding anniversary","","20","","0.00",""
"how to calculate wedding anniversary years","","20","","0.00",""
"how to calculate wedding budget","","20","","3.34",""
"how to calculate wedding date","","20","","0.00",""
"how to calculate wedding guests","","20","","0.00",""
"how to calculate wine for a wedding","","20","","0.00",""
"how to calculate wine for wedding","","20","","0.00",""
"indian wedding budget calculator","","20","","0.00",""
"indian wedding calculator","","20","","0.00",""
"indian wedding cost calculator usa","","20","","0.00",""
"indian wedding date calculator","","20","","0.00",""
"italy wedding cost calculator","","20","","1.03",""
"keg calculator for wedding","","20","","0.00",""
"kerala wedding budget calculator","","20","","0.00",""
"liquor calculator for a wedding","","20","","0.00",""
"lucky wedding date calculator","","20","","0.00",""
"mix calculator for wedding","","20","","0.00",""
"mixed drink calculator for wedding","","20","","0.00",""
"mixer calculator for wedding","","20","","0.00",""
"most accurate wedding budget calculators 2025","","20","","0.00",""
"nerdwallet wedding calculator","","20","","0.00",""
"numerology calculator wedding date","","20","","0.00",""
"numerology wedding calculator","","20","","0.00",""
"numerology wedding day calculator","","20","","0.00",""
"online wedding calculator","","20","","0.00",""
"online wedding date calculator","","20","","0.00",""
"open bar wedding calculator","","20","","0.36",""
"open bar wedding cost calculator","","20","","1.35",""
"period calculator for wedding","","20","","0.00",""
"pop calculator for wedding","","20","","0.00",""
"realistic wedding budget calculator","","20","","0.00",""
"soda calculator for wedding","","20","","0.00",""
"soft drink calculator for wedding","","20","","0.00",""
"tax and gratuity wedding calculator","","20","","0.00",""
"the envelope wedding calculator","","20","","0.00",""
"the knot wedding drink calculator","","20","","0.00",""
"the wedding alcohol calculator","","20","","0.00",""
"the wedding envelope calculator","","20","","0.00",""
"total wine and more wedding calculator","","20","","0.00",""
"total wine wedding alcohol calculator","","20","","0.00",""
"water calculator for wedding","","20","","0.00",""
"wedding age calculator","","20","","0.00",""
"wedding alcohol budget calculator","","20","","0.00",""
"wedding alcohol calculator beer and wine","","20","","0.00",""
"wedding alcohol calculator spreadsheet","","20","","0.00",""
"wedding alcohol calculator total wine","","20","","0.00",""
"wedding alcohol calculator uk","","20","","0.00",""
"wedding alcohol calculator with signature drinks","","20","","0.00",""
"wedding alcohol consumption calculator","","20","","0.00",""
"wedding alcohol cost calculator","","20","","0.00",""
"wedding anniversary calculator in years","","20","","0.00",""
"wedding anniversary date calculator","","20","","0.00",""
"wedding anniversary years calculator","","20","","0.00",""
"wedding attendance calculation","","20","","0.00",""
"wedding attendance calculator","","20","","0.00",""
"wedding bar tab calculator","","20","","0.00",""
"wedding beer and wine calculator","","20","","0.41",""
"wedding beer wine calculator","","20","","0.00",""
"wedding budget calculator app","","20","","0.00",""
"wedding budget calculator based on income","","20","","0.00",""
"wedding budget calculator excel","","20","","1.15",""
"wedding budget calculator india","","20","","0.00",""
"wedding budget calculator percentage","","20","","0.00",""
"wedding budget calculator spreadsheet","","20","","0.00",""
"wedding budget calculator template","","20","","0.00",""
"wedding budget percentage calculator","","20","","0.00",""
"wedding cake servings calculator","","20","","0.00",""
"wedding cake size calculator","","20","","0.00",""
"wedding calculator app","","20","","0.00",""
"wedding calculator excel","","20","","0.00",""
"wedding calculator spreadsheet","","20","","0.00",""
"wedding calculator the knot","","20","","0.00",""
"wedding candy calculator","","20","","0.00",""
"wedding catering budget calculator","","20","","0.00",""
"wedding catering calculator","","20","","1.14",""
"wedding champagne calculator","","20","","0.00",""
"wedding cost breakdown calculator","","20","","0.00",""
"wedding cost calculator excel","","20","","1.45",""
"wedding cost calculator pakistan","","20","","0.00",""
"wedding cost estimate calculator","","20","","2.15",""
"wedding cost estimator calculator","","20","","0.00",""
"wedding cost per person calculator","","20","","0.00",""
"wedding costs calculator","","20","","1.65",""
"wedding date astrology calculator","","20","","0.00",""
"wedding date astrology chart calculator","","20","","0.00",""
"wedding date calculator based on date of birth","","20","","0.00",""
"wedding date calculator based on date of birth free","","20","","0.00",""
"wedding date calculator by date of birth","","20","","0.00",""
"wedding date calculator chinese","","20","","0.00",""
"wedding day calculator","","20","","0.00",""
"wedding day calculator numerology","","20","","0.00",""
"wedding day countdown calculator","","20","","0.00",""
"wedding day numerology calculator","","20","","0.00",""
"wedding day timeline calculator","","20","","0.00",""
"wedding dessert calculator","","20","","0.00",""
"wedding dress calculator","","20","","0.00",""
"wedding drinks calculator uk","","20","","0.00",""
"wedding envelope calculator","","20","","0.00",""
"wedding estimate calculator","","20","","1.73",""
"wedding expenses calculator","","20","","0.00",""
"wedding flower calculator excel","","20","","0.00",""
"wedding flower estimate calculator","","20","","0.00",""
"wedding food budget calculator","","20","","0.00",""
"wedding food calculator","","20","","1.33",""
"wedding food cost calculator","","20","","0.00",""
"wedding gift amount calculator","","20","","0.00",""
"wedding gift amount per couple calculator","","20","","0.00",""
"wedding gift calculator 2025","","20","","0.00",""
"wedding gift calculator free","","20","","0.00",""
"wedding gift cost calculator","","20","","0.00",""
"wedding glassware calculator","","20","","0.00",""
"wedding guest alcohol calculator","","20","","0.00",""
"wedding guest attendance calculator","","20","","0.00",""
"wedding guest count calculator","","20","","3.09",""
"wedding guest list calculator","","20","","3.62",""
"wedding hashtag calculator","","20","","0.00",""
"wedding inflation calculator","","20","","0.00",""
"wedding insurance calculator","","20","","0.00",""
"wedding invitation calculator","","20","","0.00",""
"wedding invitation postage calculator","","20","","0.00",""
"wedding loans calculator","","20","","0.00",""
"wedding match calculator","","20","","0.00",""
"wedding mixer calculator","","20","","0.00",""
"wedding muhurat calculator","","20","","0.00",""
"wedding non alcoholic drink calculator","","20","","0.00",""
"wedding numerology calculator","","20","","0.00",""
"wedding party drink calculator","","20","","0.00",""
"wedding percentage calculator","","20","","0.00",""
"wedding period calculator","","20","","0.00",""
"wedding photography pricing calculator","","20","","0.00",""
"wedding planner calculator","","20","","1.53",""
"wedding planning alcohol calculator","","20","","0.00",""
"wedding planning budget calculator","","20","","1.65",""
"wedding planning calculator","","20","","2.11",""
"wedding postage calculator","","20","","0.00",""
"wedding reception beverage calculator","","20","","0.00",""
"wedding reception calculator","","20","","0.00",""
"wedding reception drink calculator","","20","","0.00",""
"wedding reception food calculator","","20","","0.00",""
"wedding reception space calculator","","20","","0.00",""
"wedding registry calculator","","20","","0.00",""
"wedding ring appraisal calculator","","20","","2.40",""
"wedding ring calculator","","20","","1.10",""
"wedding ring cost calculator","","20","","1.77",""
"wedding ring finance calculator","","20","","0.00",""
"wedding ring payment calculator","","20","","0.00",""
"wedding ring price calculator","","20","","1.52",""
"wedding ring size calculator","","20","","0.00",""
"wedding ring value calculator","","20","","1.30",""
"wedding ring weight calculator","","20","","0.00",""
"wedding rsvp calculator","","20","","0.00",""
"wedding soda calculator","","20","","0.00",""
"wedding soft drinks calculator","","20","","0.00",""
"wedding table calculator","","20","","0.00",""
"wedding taco bar calculator","","20","","0.00",""
"wedding tent calculator","","20","","0.00",""
"wedding tent cost calculator","","20","","0.00",""
"wedding time calculator","","20","","0.00",""
"wedding timeline calculator","","20","","0.00",""
"wedding tip calculator","","20","","0.00",""
"wedding vendor tip calculator","","20","","0.00",""
"wedding venue calculator","","20","","1.50",""
"wedding venue size calculator","","20","","0.00",""
"wedding weather calculator","","20","","0.00",""
"wedding year calculator","","20","","0.00",""
"wedding years calculator","","20","","0.00",""
"when to send out wedding invitations calculator","","20","","0.00",""
"will i have my period on my wedding day calculator","","20","","0.00",""
"alcohol calculator for a wedding","","10","","0.55",""
"beer and wine calculator for a wedding","","10","","0.00",""
"beer and wine calculator for wedding reception","","10","","0.00",""
"bengali wedding budget calculator","","10","","0.00",""
"bengali wedding cost calculator","","10","","0.00",""
"best wedding alcohol calculator tool","","10","","0.00",""
"best wedding budget calculators 2025 2026 reviews comparison","","10","","0.00",""
"beverage calculator wedding","","10","","0.55",""
"booze calculator for wedding","","10","","0.55",""
"budget calculator wedding","","10","","1.82",""
"calculate alcohol for wedding reception","","10","","0.00",""
"calculate liquor for wedding","","10","","0.53",""
"calculate my wedding date","","10","","0.00",""
"calculate wedding cost","","10","","1.65",""
"calculate wedding date for hindu couple","","10","","0.00",""
"calculating wine for a wedding","","10","","0.00",""
"calculating wine for wedding","","10","","0.45",""
"calculations on wedding date and partners birthdays numerology","","10","","0.00",""
"cash wedding gift calculator 2025","","10","","0.00",""
"cash wedding gift calculator uk","","10","","0.00",""
"castle mcculloch wedding cost calculator","","10","","0.00",""
"dan murphy's wedding calculator","","10","","0.00",""
"days till wedding calculator","","10","","0.00",""
"days until wedding calculator","","10","","0.00",""
"diy wedding flower calculator","","10","","0.00",""
"drinks calculator wedding","","10","","0.55",""
"feng shui wedding date calculator 2024","","10","","0.00",""
"feng shui wedding date calculator 2027","","10","","0.00",""
"food cost calculator for wedding","","10","","0.00",""
"free online wedding budget calculator","","10","","0.00",""
"free wedding budget calculator export options","","10","","0.00",""
"hard rock punta cana wedding calculator","","10","","0.00",""
"how is the cost of a wedding cake typically calculated","","10","","0.00",""
"how is wedding cake cost calculated","","10","","0.00",""
"how many days till my wedding calculator","","10","","0.00",""
"how many days until my wedding calculator","","10","","0.00",""
"how much alcohol to buy for a wedding calculator","","10","","0.45",""
"how much should i give for a wedding calculator","","10","","0.00",""
"how much should i spend on a wedding gift calculator","","10","","0.00",""
"how much to give for a wedding gift calculator","","10","","0.00",""
"how much to give for a wedding gift calculator 2017","","10","","0.00",""
"how much to give for a wedding gift calculator 2019","","10","","0.00",""
"how to calculate 25th wedding anniversary","","10","","0.00",""
"how to calculate a wedding budget","","10","","1.51",""
"how to calculate beer and wine for wedding","","10","","0.00",""
"how to calculate drinks for wedding reception","","10","","0.00",""
"how to calculate wedding budget based on guest count","","10","","0.00",""
"indian wedding budget calculator excel","","10","","0.00",""
"is it find an online wedding alcohol calculator.","","10","","0.00",""
"israeli wedding gift calculator","","10","","0.00",""
"liquor for wedding calculator","","10","","0.55",""
"martha stewart wedding alcohol calculator","","10","","0.00",""
"my wedding budget calculator","","10","","0.00",""
"nerdwallet wedding budget calculator","","10","","0.00",""
"open bar wedding cost calculator uk","","10","","0.00",""
"pick my wedding date calculator","","10","","0.00",""
"total wine calculator wedding","","10","","0.15",""
"wedding alcohol calculator 150 guests","","10","","0.00",""
"wedding alcohol calculator australia","","10","","0.00",""
"wedding alcohol calculator bevmo","","10","","0.00",""
"wedding alcohol calculator canada","","10","","0.00",""
"wedding alcohol calculator free online","","10","","0.00",""
"wedding anniversary year calculator","","10","","0.00",""
"wedding beer and wine quantity calculator","","10","","0.00",""
"wedding budget calculation based on guest count","","10","","0.00",""
"wedding budget calculator 2025","","10","","0.00",""
"wedding budget calculator canada","","10","","0.00",""
"wedding budget calculator free cost estimator tool","","10","","0.00",""
"wedding budget calculator online","","10","","2.33",""
"wedding budget calculator the knot","","10","","2.52",""
"wedding budget cost calculator","","10","","0.00",""
"wedding budget planning calculator","","10","","1.82",""
"wedding calculator cost","","10","","1.65",""
"wedding calculator drinks","","10","","0.00",""
"wedding cost calculator india","","10","","0.00",""
"wedding cost calculator ireland","","10","","0.00",""
"wedding cost calculator uk","","10","","0.00",""
"wedding date calculator astrology","","10","","0.00",""
"wedding date calculator hindu","","10","","0.00",""
"wedding dinnerware calculator","","10","","0.00",""
"wedding event price calculator houston","","10","","0.00",""
"wedding flowers cost calculator","","10","","1.18",""
"wedding gift calculator 2017","","10","","0.00",""
"wedding gift calculator 2019","","10","","0.00",""
"wedding gift calculator 2024","","10","","0.00",""
"wedding gift calculator israel","","10","","0.00",""
"wedding gift money amount calculator","","10","","0.00",""
"wedding guest count calculation","","10","","0.00",""
"wedding hotel block pricing calculator","","10","","0.00",""
"wedding photography price calculator","","10","","0.00",""
"wedding price calculator uk","","10","","0.00",""
"wedding reception bar calculator","","10","","0.00",""
"wedding reception drinks calculator","","10","","0.00",""
"wedding saving calculator","","10","","0.00",""
"wedding savings calculator","","10","","0.00",""
"wedding wine calculator uk","","10","","0.00",""
"wine and beer calculator for wedding","","10","","0.41",""
"wine and beer calculator for wedding reception","","10","","0.00",""
"wine calculator wedding","","10","","0.45",""
"wine for wedding calculator","","10","","0.45",""
"10 000 wedding budget calculator","","0","","0.00",""
"150 wedding guest drink calculator","","0","","0.00",""
"20000 wedding budget calculator","","0","","0.00",""
"2018 wedding budget calculator","","0","","0.00",""
"2019 wedding budget calculator","","0","","0.00",""
"25000 wedding budget calculator","","0","","0.00",""
"25th wedding anniversary calculator","","0","","0.00",""
"365th street photography wedding calculator","","0","","0.00",""
"a practical wedding alcohol calculator","","0","","0.00",""
"alchohal calculator for wedding","","0","","0.00",""
"alcochol calculator wedding","","0","","0.00",""
"alcohol amount calculator wedding","","0","","0.00",""
"alcohol and non alcohol calculator for wedding","","0","","0.00",""
"alcohol at weddings calculator","","0","","0.00",""
"alcohol calculation for wedding","","0","","0.00",""
"alcohol calculator for wedding australia","","0","","0.00",""
"alcohol calculator for wedding nz","","0","","0.00",""
"alcohol calculator for wedding party","","0","","0.00",""
"alcohol calculator for wedding uk","","0","","0.00",""
"alcohol calculator for weddings","","0","","0.55",""
"alcohol calculator party wedding","","0","","0.00",""
"alcohol calculator wedding australia","","0","","0.00",""
"alcohol calculator wedding google sheet","","0","","0.00",""
"alcohol calculator wedding reception","","0","","0.00",""
"alcohol calculator wedding uk","","0","","0.00",""
"alcohol consumption calculator for weddings","","0","","0.00",""
"alcohol consumption wedding calculator","","0","","0.00",""
"alcohol drink calculator wedding","","0","","0.00",""
"alcohol for wedding 170 guests calculate","","0","","0.00",""
"alcohol for wedding calculator real simple","","0","","0.00",""
"alcohol for wedding of 100 calculator","","0","","0.00",""
"alcohol wedding calculator real simple","","0","","0.00",""
"alcohol wedding calculator uk","","0","","0.00",""
"alcohol.calculator wedding","","0","","0.55",""
"allenberry resort wedding calculator","","0","","0.00",""
"alochol calculator for a wedding","","0","","0.00",""
"area calculation for wedding ceremony venue","","0","","0.00",""
"asian wedding calculator","","0","","0.00",""
"asian wedding cost calculator","","0","","0.00",""
"astrological wedding date calculator","","0","","0.00",""
"astrology wedding date calculator 2013","","0","","0.00",""
"astrology wedding date calculator 2016","","0","","0.00",""
"astrology wedding day calculator","","0","","0.00",""
"auchen castle wedding calculator","","0","","0.00",""
"auspicious date for a wedding 2020 calculator","","0","","0.00",""
"auspicious wedding date calculator chinese","","0","","0.00",""
"auspicious wedding date calculator prokerala","","0","","0.00",""
"auspicious wedding dates 2013 calculator","","0","","0.00",""
"auspicious wedding dates 2014 calculator","","0","","0.00",""
"auspicious wedding dates 2015 calculator","","0","","0.00",""
"auspicious wedding dates 2016 calculator","","0","","0.00",""
"auspicious wedding dates 2017 calculator","","0","","0.00",""
"auspicious wedding dates 2018 calculator","","0","","0.00",""
"auspicious wedding dates 2019 calculator","","0","","0.00",""
"auspicious wedding dates 2020 calculator","","0","","0.00",""
"auspicious wedding dates 2021 calculator","","0","","0.00",""
"auspicious wedding day calculator","","0","","0.00",""
"average cost of wedding boston ma calculator","","0","","0.00",""
"bac calculator wedding","","0","","0.00",""
"backyard wedding cost calculator","","0","","0.00",""
"bar calculator wedding","","0","","0.54",""
"bar calculator with glassware for wedding","","0","","0.00",""
"barton grange wedding calculator","","0","","0.00",""
"beer cider and wine wedding calculator","","0","","0.00",""
"beer wine calculator for wedding reception","","0","","0.00",""
"beer wine calculator wedding reception","","0","","0.00",""
"best alcohol calculator for wedding","","0","","0.00",""
"best budget calculators for weddings","","0","","0.00",""
"best free wedding budget calculators online tools","","0","","0.00",""
"best wedding alcohol calculator 2026","","0","","0.00",""
"best wedding budget calculator 2025 or 2026 accurate","","0","","0.00",""
"best wedding dates 2020 astrology calculator","","0","","0.00",""
"best wedding dates 2021 astrology calculator","","0","","0.00",""
"best wedding dates 2022 astrology calculator","","0","","0.00",""
"beverage calculator wedding wine punch","","0","","0.00",""
"bine and wine calculator for wedding","","0","","0.00",""
"blakelands wedding calculator","","0","","0.00",""
"booze calculator wedding","","0","","0.55",""
"booze wedding calculator","","0","","0.00",""
"bridal musings wedding calculator","","0","","0.00",""
"budget a wedding calculator","","0","","0.00",""
"budget calculator for indian wedding","","0","","0.00",""
"budget calculator for wedding","","0","","1.82",""
"budget calculator wedding excel","","0","","0.00",""
"budget wedding calculator","","0","","1.82",""
"buying alcohol for a wedding calculator","","0","","0.00",""
"byo wedding alcohol calculator","","0","","0.00",""
"calculate a wedding budget","","0","","0.00",""
"calculate alcohol consumption for wedding","","0","","0.00",""
"calculate alcohol cost for wedding","","0","","0.00",""
"calculate alcohol needed for wedding","","0","","0.00",""
"calculate alcohol wedding reception","","0","","0.00",""
"calculate amount of alcohol for wedding","","0","","0.00",""
"calculate auspicious wedding date 2019","","0","","0.00",""
"calculate beer for wedding","","0","","0.00",""
"calculate beverages for a wedding reception","","0","","0.00",""
"calculate dance floor size wedding","","0","","0.00",""
"calculate days until wedding","","0","","0.00",""
"calculate drink wedding with seltzers","","0","","0.00",""
"calculate drinks for wedding","","0","","0.00",""
"calculate flower petals to throw at wedding exit","","0","","0.00",""
"calculate food for a wedding","","0","","0.00",""
"calculate fresh flower petals for wedding aisle","","0","","0.00",""
"calculate glassware for wedding","","0","","0.00",""
"calculate how many days till my wedding","","0","","0.00",""
"calculate how many mixers are needed for wedding drinks","","0","","0.00",""
"calculate how many people will rsvp to a wedding","","0","","0.00",""
"calculate how much a wedding will cost","","0","","0.00",""
"calculate how much wedding invitations cost","","0","","0.00",""
"calculate ice for a wedding","","0","","0.00",""
"calculate menstrual cycle for wedding","","0","","0.00",""
"calculate my wedding budget","","0","","0.00",""
"calculate my wedding cost","","0","","0.00",""
"calculate my wedding day","","0","","0.00",""
"calculate my wedding dress size","","0","","0.00",""
"calculate open bar at wedding","","0","","0.00",""
"calculate server payment for a wedding buffet","","0","","0.00",""
"calculate servings wedding cake","","0","","0.00",""
"calculate the day of week with the offset on wed","","0","","0.00",""
"calculate the dayofweek with the offset on wed","","0","","0.00",""
"calculate the daysofweek with the offset on wed","","0","","0.00",""
"calculate the daysofweek with the offset on wed java","","0","","0.00",""
"calculate tip wedding","","0","","0.00",""
"calculate wait staff payment for a wedding","","0","","0.00",""
"calculate wedding","","0","","0.00",""
"calculate wedding band weight platinum","","0","","0.00",""
"calculate wedding cake servings","","0","","0.00",""
"calculate wedding date","","0","","1.28",""
"calculate wedding date astrology","","0","","0.00",""
"calculate wedding date by couple's astrological chart","","0","","0.00",""
"calculate wedding date for hindu couple for 2018","","0","","0.00",""
"calculate wedding dress size","","0","","0.00",""
"calculate wedding dress value","","0","","0.00",""
"calculate wedding drinks","","0","","0.00",""
"calculate wedding flowers","","0","","0.00",""
"calculate wedding gift","","0","","0.00",""
"calculate wedding guest list","","0","","0.00",""
"calculate wedding tent cost","","0","","0.00",""
"calculate wedding venue costs","","0","","0.00",""
"calculate wine and beer for 120 wedding guests","","0","","0.00",""
"calculate wine for 120 wedding guests","","0","","0.00",""
"calculate wine for wedding","","0","","0.45",""
"calculate your perfect wedding date","","0","","0.00",""
"calculate your wedding anniversary","","0","","0.00",""
"calculate your wedding budget","","0","","0.00",""
"calculating a wedding budget","","0","","0.00",""
"calculating alcohol consumption for outdoor wedding","","0","","0.00",""
"calculating alcohol for wedding reception","","0","","0.00",""
"calculating amount of liquor for wedding","","0","","0.00",""
"calculating beer for a wedding","","0","","0.00",""
"calculating drinks at your wedding","","0","","0.00",""
"calculating mixers for wedding","","0","","0.00",""
"calculating postage for wedding invitations","","0","","0.00",""
"calculating tent size for wedding","","0","","0.00",""
"calculating wedding guest attendance","","0","","0.00",""
"calculating wedding rate videographer","","0","","0.00",""
"calculation for alchol to guests a wedding","","0","","0.00",""
"calculation for howmuchalchohol wedding","","0","","0.00",""
"calculation of how many cookies for wedding cookie table","","0","","0.00",""
"calculation of wedding dates","","0","","0.00",""
"calculations for alcohol at wedding","","0","","0.00",""
"calculations for wedding gifts","","0","","0.00",""
"calculator estimate cost of alcohol at wedding","","0","","0.00",""
"calculator fendley farms wedding venue","","0","","0.00",""
"calculator for beer and wine at wedding","","0","","0.00",""
"calculator how much alcohol to buy for a wedding","","0","","0.00",""
"calculator to estimate how much liquor for a wedding","","0","","0.00",""
"calculator wedding","","0","","1.70",""
"calculator wedding favors","","0","","0.00",""
"canadian wedding alcohol calculator","","0","","0.00",""
"canadian wedding cost calculator","","0","","0.00",""
"cash wedding gift calculator 2024 usa","","0","","0.00",""
"cash wedding gift calculator usa","","0","","0.00",""
"central nj calculator wedding","","0","","0.00",""
"champagne calculator for wedding reception","","0","","0.00",""
"champagne calculator for wedding toast","","0","","0.00",""
"champagne calculator wedding toast","","0","","0.00",""
"chinese astrology wedding date calculator","","0","","0.00",""
"chinese auspicious dates wedding calculator","","0","","0.00",""
"chinese numerology wedding date calculator","","0","","0.00",""
"chinese wedding date calculator 2015","","0","","0.00",""
"chinese wedding date calculator 2017","","0","","0.00",""
"chinese wedding date calculator 2019","","0","","0.00",""
"chinese wedding date calculator 2020","","0","","0.00",""
"chinese wedding date calculator 2021","","0","","0.00",""
"chinese wedding date calculator 2022","","0","","0.00",""
"chinese wedding date calculator 2023","","0","","0.00",""
"chinese wedding date calculator by date of birth","","0","","0.00",""
"chinese wedding dates 2018 calculator","","0","","0.00",""
"chinese wedding dates calculator","","0","","0.00",""
"chinese wedding day calculator","","0","","0.00",""
"citizens bank park wedding price calculator","","0","","0.00",""
"civil wedding calculator","","0","","0.00",""
"cocktail calculator for wedding","","0","","0.00",""
"colorado wedding budget calculator","","0","","0.00",""
"comlongon castle wedding calculator","","0","","0.00",""
"cookie calculator for wedding","","0","","0.00",""
"cost of business calculator wedding photography","","0","","0.00",""
"cost of doing business calculator wedding photography","","0","","0.00",""
"cost of legal wedding calculator","","0","","0.00",""
"cost of wedding calculator canada","","0","","0.00",""
"cost of wedding in canada calculator","","0","","0.00",""
"costco wedding alcohol calculator usa","","0","","0.00",""
"country springs hotel wedding calculator","","0","","0.00",""
"country springs wedding calculator","","0","","0.00",""
"covid wedding calculator","","0","","0.00",""
"creating a wedding budget calculator","","0","","0.00",""
"credello wedding budget calculator","","0","","0.00",""
"credit karma wedding budget calculator","","0","","0.00",""
"credit union wedding loan calculator","","0","","0.00",""
"cup calculator for wedding","","0","","0.00",""
"dan murphy wedding alcohol calculator","","0","","0.00",""
"dan murphy wedding calculator","","0","","0.00",""
"dan murphys wedding calculator","","0","","0.00",""
"dan murphys wedding drinks calculator","","0","","0.00",""
"dance floor size calculator wedding guests","","0","","0.00",""
"date of wedding calculator","","0","","1.28",""
"date wedding calculator","","0","","0.00",""
"davenport hotel wedding calculator","","0","","0.00",""
"davenport wedding calculator","","0","","0.00",""
"days until wedding date calculator","","0","","0.00",""
"daytime wedding alcohol calculator","","0","","0.00",""
"dcrink calculations for wedding","","0","","0.00",""
"destination wedding budget calculator india","","0","","0.00",""
"destination wedding gift calculator","","0","","0.00",""
"detailed wedding budget calculator","","0","","0.00",""
"disney cruise wedding cost calculator","","0","","0.00",""
"disney wedding price calculator","","0","","0.00",""
"disneyland wedding calculator","","0","","0.00",""
"diy wedding bar calculator","","0","","0.00",""
"diy wedding cost calculator","","0","","0.00",""
"do you include kids when calculating wedding guests","","0","","0.00",""
"dr weder kauta bond calculator","","0","","0.00",""
"dream wedding budget calculator","","0","","0.00",""
"drink calculator for wedding uk","","0","","0.00",""
"drink calculator for weddings","","0","","0.55",""
"drink calculator wedding australia","","0","","0.00",""
"drink calculator wedding non alcoholic","","0","","0.00",""
"drink calculator wedding sodas","","0","","0.00",""
"drink calculator wedding the knot","","0","","0.00",""
"drink calculator wedding-alcoholic","","0","","0.00",""
"drink wedding calculator","","0","","0.00",""
"drinks calculator for a wedding","","0","","0.00",""
"drinks for a wedding how to calculate","","0","","0.00",""
"drinks wedding calculator","","0","","0.00",""
"drinks wedding reception calculator","","0","","0.00",""
"dry wedding drink calculator","","0","","0.00",""
"easy weddings budget calculator","","0","","0.00",""
"estimating alcohol for a wedding calculator","","0","","0.00",""
"evaluate the personal finance company credello on wedding budget calculator","","0","","0.00",""
"evaluate the personal finance company nerdwallet on wedding budget calculator","","0","","0.00",""
"evaluate the personal finance company quinstreet on wedding budget calculator","","0","","0.00",""
"evite drink calculator wedding","","0","","0.00",""
"excel wedding budget calculator","","0","","0.00",""
"expected wedding guests calculation","","0","","0.00",""
"fabric yardage calculator for double wedding ring quilt","","0","","0.00",""
"feng shui wedding date calculator 2016","","0","","0.00",""
"feng shui wedding date calculator 2018","","0","","0.00",""
"feng shui wedding date calculator 2020","","0","","0.00",""
"feng shui wedding date calculator 2021","","0","","0.00",""
"feng shui wedding date calculator 2022","","0","","0.00",""
"feng shui wedding date calculator 2023","","0","","0.00",""
"feng shui wedding date calculator 2025 horoscope","","0","","0.00",""
"fengshui wedding date calculator","","0","","0.00",""
"find an online wedding alcohol calculator","","0","","0.00",""
"flower calculator wedding blooms by the box","","0","","0.00",""
"formula for calculating wedding guests","","0","","0.00",""
"free alcohol calculator wedding","","0","","0.00",""
"free numerology wedding date calculator","","0","","0.00",""
"free wedding budget calculator excel","","0","","0.00",""
"free wedding budget calculator uk","","0","","0.00",""
"free wedding cost calculator","","0","","0.00",""
"free wedding muhurat calculator","","0","","0.00",""
"gift calculator wedding","","0","","0.00",""
"google sheets wedding calculator","","0","","0.00",""
"gretna green wedding calculator","","0","","0.00",""
"help calculate wedding budget","","0","","0.00",""
"hmrc wedding gift allowance calculator","","0","","0.00",""
"host wine and beer wedding drink calculator","","0","","0.00",""
"how calculate who comes to wedding","","0","","0.00",""
"how do i calculate alcohol for a wedding","","0","","0.00",""
"how is the cost of a wedding bar calculated","","0","","0.00",""
"how is the cost of a wedding open bar calculated","","0","","0.00",""
"how many bottles of wine for wedding calculator","","0","","0.00",""
"how many days until wedding calculator","","0","","0.00",""
"how many days until wedding calculator w pictures","","0","","0.00",""
"how many drinks per head for a wedding calculator","","0","","0.00",""
"how many people will come to my wedding calculator","","0","","0.00",""
"how many weeks until my wedding calculator","","0","","0.00",""
"how much alcohol do i need for a wedding calculator","","0","","0.00",""
"how much alcohol for a wedding reception calculator","","0","","0.00",""
"how much alcohol for wedding reception calculator","","0","","0.00",""
"how much alcohol should i buy for my wedding calculator","","0","","0.00",""
"how much champagne for a wedding toast calculator","","0","","0.00",""
"how much champagne for wedding calculator","","0","","0.00",""
"how much champagne wedding calculator","","0","","0.00",""
"how much do i give for a wedding gift calculator","","0","","0.00",""
"how much do you give for a wedding gift calculator","","0","","0.00",""
"how much money to give for wedding calculator","","0","","0.00",""
"how much money wedding gift calculator","","0","","0.00",""
"how much should go give for a wedding gift calculator","","0","","0.00",""
"how much should i give as a wedding gift calculator","","0","","0.00",""
"how much should i give at a wedding calculator","","0","","0.00",""
"how much should i spend on my wedding calculator","","0","","0.00",""
"how much should i spend on wedding gift calculator","","0","","0.00",""
"how much should you spend on a wedding gift calculator","","0","","0.00",""
"how much to give for a wedding gift calculator 2016","","0","","0.00",""
"how much to give for a wedding gift calculator 2018","","0","","0.00",""
"how much to give for a wedding gift calculator 2020","","0","","0.00",""
"how much to give for a wedding gift calculator 2021","","0","","0.00",""
"how much to give for a wedding gift calculator 2022","","0","","0.00",""
"how much to give for a wedding gift calculator uk","","0","","0.00",""
"how much to give for an italian wedding gift calculator","","0","","0.00",""
"how much to give for wedding gift calculator","","0","","0.00",""
"how much to spend on wedding gift by income calculator","","0","","0.00",""
"how much to spend wedding gift calculator","","0","","0.00",""
"how much wedding gift calculator","","0","","0.00",""
"how much wine to buy for a wedding calculator","","0","","0.00",""
"how to calculate 2 liter sodas for wedding","","0","","0.00",""
"how to calculate a consumption bar wedding","","0","","0.00",""
"how to calculate alcohol consumption for a wedding","","0","","0.00",""
"how to calculate alcohol cost for wedding","","0","","0.00",""
"how to calculate alcohol for a 80 people wedding","","0","","0.00",""
"how to calculate alcohol for wedding beer and wine","","0","","0.00",""
"how to calculate alcohol for wedding reception","","0","","0.00",""
"how to calculate alcohol needed for wedding","","0","","0.00",""
"how to calculate alcolol budget for wedding","","0","","0.00",""
"how to calculate amount of alcohol needed for a wedding","","0","","0.00",""
"how to calculate amount of liquor to buy for wedding","","0","","0.00",""
"how to calculate beer for wedding","","0","","0.00",""
"how to calculate cake for wedding","","0","","0.00",""
"how to calculate chicken for a wedding","","0","","0.00",""
"how to calculate cocktail wedding cost","","0","","0.00",""
"how to calculate consumption bar at wedding","","0","","0.00",""
"how to calculate cost of travel for wedding photographers","","0","","0.00",""
"how to calculate cost per person for wedding","","0","","0.00",""
"how to calculate drinks for a wedding uk","","0","","0.00",""
"how to calculate drinks per person for a wedding","","0","","0.00",""
"how to calculate driving cost for wedding photographers","","0","","0.00",""
"how to calculate expected number of guests wedding","","0","","0.00",""
"how to calculate flowers for a wedding","","0","","0.00",""
"how to calculate food for a wedding","","0","","0.00",""
"how to calculate food for wedding","","0","","0.00",""
"how to calculate guests for a wedding","","0","","0.00",""
"how to calculate hotel room blocks for wedding guests","","0","","0.00",""
"how to calculate how many flowers for a wedding pinterest","","0","","0.00",""
"how to calculate how many people will attend your wedding","","0","","0.00",""
"how to calculate how many quest will come to wedding","","0","","0.00",""
"how to calculate how may beer for a wedding","","0","","0.00",""
"how to calculate how much alcohol to buy for wedding","","0","","0.00",""
"how to calculate how much champagne to buy for wedding","","0","","0.00",""
"how to calculate how much wedding cake","","0","","0.00",""
"how to calculate kegs of beer for wedding","","0","","0.00",""
"how to calculate liquor cost for wedding","","0","","0.00",""
"how to calculate liquor cost per drink wedding","","0","","0.00",""
"how to calculate mixers for a wedding","","0","","0.00",""
"how to calculate number of tables needed for wedding reception","","0","","0.00",""
"how to calculate number of wedding guests","","0","","0.00",""
"how to calculate out amount of alcohol for wedding","","0","","0.00",""
"how to calculate postage for wedding invitations","","0","","0.00",""
"how to calculate price per plate wedding","","0","","0.00",""
"how to calculate servings of alcohol for wedding reception","","0","","0.00",""
"how to calculate silver jubilee wedding anniversary","","0","","0.00",""
"how to calculate soda for a wedding","","0","","0.00",""
"how to calculate the cost of a wedding cake","","0","","0.00",""
"how to calculate tip and gratuity for hotel wedding venues","","0","","0.00",""
"how to calculate wedding cake servings","","0","","0.00",""
"how to calculate wedding guest list","","0","","0.00",""
"how to calculate wedding invitation postage","","0","","0.00",""
"how to calculate wedding per plate cost with ta","","0","","0.00",""
"how to calculate wedding photographer travel costs","","0","","0.00",""
"how to calculate wedding photography pricing package","","0","","0.00",""
"how to calculate wine beer liquor wedding","","0","","0.00",""
"how to calculate wine consumption for wedding","","0","","0.00",""
"how to calculate your period for your wedding","","0","","0.00",""
"how to calculate your wedding budget","","0","","0.00",""
"how to calculated wine for wedding","","0","","0.00",""
"how to plan beer and wine for a wedding calculator","","0","","0.00",""
"how to you calculate a budget for wedding","","0","","0.00",""
"https apracticalwedding.com calculate-wedding-timeline","","0","","0.00",""
"https www.disabled-world.com calculators-charts wedding-anniversaries.php","","0","","0.00",""
"https www.theknot.com wedding calculator","","0","","0.00",""
"https www.yahoo.com news woman-calculate-perfect-wedding-hashtag-160000294.html","","0","","0.00",""
"hubtap wedding drink calculator","","0","","0.00",""
"hybridisation calculator wedding kick","","0","","0.00",""
"i hate weddings gift calculator","","0","","0.00",""
"ice bag calculator wedding","","0","","0.00",""
"ice calculator wedding","","0","","0.00",""
"indian wedding alcohol calculator","","0","","0.00",""
"indian wedding budget calculator malaysia","","0","","0.00",""
"indian wedding cost calculator india","","0","","0.00",""
"indian wedding cost calculator uk","","0","","0.00",""
"indian wedding date numerology calculator","","0","","0.00",""
"interactive wedding budget calculator","","0","","0.00",""
"irish wedding cost calculator","","0","","0.00",""
"is 10k gold mens wedding band cost calculator","","0","","0.00",""
"is 10k white gold mens wedding band cost calculator","","0","","0.00",""
"is it find an online wedding alcohol calculator","","0","","0.00",""
"is it wedding website with budget calculator","","0","","0.00",""
"jewish wedding budget calculator","","0","","0.00",""
"jewish wedding calculator","","0","","0.00",""
"jewish wedding gift calculator","","0","","0.00",""
"joy wedding calculator","","0","","0.00",""
"karisma wedding calculator","","0","","0.00",""
"law wedding calculator","","0","","0.00",""
"lcbo wedding alcohol calculator","","0","","0.00",""
"lcbo wedding calculator","","0","","0.00",""
"lds wedding calculator","","0","","0.00",""
"liqour calculator for wedding","","0","","0.00",""
"liquor cost calculator wedding","","0","","0.00",""
"liquor for wedding reception calculator","","0","","0.00",""
"llanerch vineyard wedding calculator","","0","","0.00",""
"lucky wedding dates 2016 calculator","","0","","0.00",""
"lucky wedding day calculator","","0","","0.00",""
"makiti wedding calculator","","0","","0.00",""
"makiti wedding venue calculator","","0","","0.00",""
"malay wedding calculator","","0","","0.00",""
"many days until my wedding calculator","","0","","0.00",""
"most accurate wedding budget calculators","","0","","0.00",""
"munstone house wedding calculator","","0","","0.00",""
"my wedding date calculator","","0","","0.00",""
"new york city wedding venue is gratiuity calculated after tax","","0","","0.00",""
"nigerian wedding budget calculator","","0","","0.00",""
"non alcoholic wedding drink calculator","","0","","0.00",""
"non-alcoholic beverage calculator wedding","","0","","0.00",""
"normal price wedding calculator","","0","","0.00",""
"numerology calculator wedding","","0","","0.00",""
"numerology calculator wedding date birthday","","0","","0.00",""
"numerology for wedding date calculator","","0","","0.00",""
"numerology wedding date 2013 calculator","","0","","0.00",""
"numerology wedding date 2014 calculator","","0","","0.00",""
"numerology wedding date calculation birth","","0","","0.00",""
"numerology wedding date calculator download","","0","","0.00",""
"oak farm hotel wedding calculator","","0","","0.00",""
"omni wedding budget calculator","","0","","0.00",""
"online alcohol calculator for wedding","","0","","0.00",""
"online budget calculator for wedding","","0","","0.00",""
"online drink calculator for wedding","","0","","0.00",""
"online wedding budget calculator uk","","0","","0.00",""
"online wedding cost calculator","","0","","0.00",""
"online wedding gift calculator","","0","","0.00",""
"open bar calculator wedding","","0","","0.36",""
"open bar tab wedding calculator","","0","","0.00",""
"open bar wedding cost calculator canada","","0","","0.00",""
"ordering appetizers for a wedding reception calculator","","0","","0.00",""
"party pop wedding calculator","","0","","0.00",""
"paying off wedding calculator","","0","","0.00",""
"percentage of wedding budget calculator","","0","","0.00",""
"planning calculator wedding","","0","","0.00",""
"planning wedding budget calculator","","0","","0.00",""
"plate calculator for wedding","","0","","0.00",""
"pollyanna wedding calculator","","0","","0.00",""
"porta potty calculator wedding event","","0","","0.00",""
"postage rate calculator for wedding invitations","","0","","0.00",""
"practical wedding drink calculator","","0","","0.00",""
"preowned wedding dress calculator","","0","","0.00",""
"preowned wedding dresses uk calculator","","0","","0.00",""
"price calculator for a civil wedding","","0","","0.00",""
"punch calculator for wedding","","0","","0.00",""
"quick wedding budget calculator","","0","","0.00",""
"quinstreet wedding budget calculator","","0","","0.00",""
"real simple wedding alcohol calculator","","0","","0.00",""
"real simple wedding budget calculator","","0","","0.00",""
"ritz carlton wedding calculator","","0","","0.00",""
"save the dates wedding calculator","","0","","0.00",""
"saving calculator for wedding","","0","","0.00",""
"seating chart wedding format calculator","","0","","0.00",""
"sell my wedding dress calculator","","0","","0.00",""
"shutterfly wedding budget calculator","","0","","0.00",""
"signature cocktails for fall weddings cost calculator","","0","","0.00",""
"silverstream retreat wedding calculator","","0","","0.00",""
"simple wedding budget calculator","","0","","0.00",""
"simple wedding cost calculator","","0","","0.00",""
"slate wedding calculator","","0","","0.00",""
"small wedding budget calculator","","0","","0.00",""
"soda beer and wine calculator for wedding","","0","","0.00",""
"soda calculator for wedding reception","","0","","0.00",""
"soft drink calculator wedding","","0","","0.00",""
"soft drink wedding calculator","","0","","0.00",""
"soft drinks calculator wedding","","0","","0.00",""
"space calculator wedding","","0","","0.00",""
"specks wedding alcohol calculator","","0","","0.00",""
"specs alcohol calculator for wedding","","0","","0.00",""
"spirit calculator for wedding","","0","","0.00",""
"square footage calculator for wedding reception","","0","","0.00",""
"still white wedding dress calculator","","0","","0.00",""
"stocking a bar for a wedding calculator","","0","","0.00",""
"taco bar wedding calculator","","0","","0.00",""
"tent size calculator wedding","","0","","0.00",""
"tent sizes for weddings calculator","","0","","0.00",""
"the knot drink wedding calculator","","0","","0.00",""
"the knot wedding cost calculator","","0","","0.00",""
"the knot wedding gift calculator","","0","","0.00",""
"the retreat by wedgewood weddings calculator","","0","","0.00",""
"the wedding calculator","","0","","0.00",""
"the wedding envelope gift calculator","","0","","0.00",""
"the wedding gift calculator","","0","","0.00",""
"total wine wedding wine calculator","","0","","0.00",""
"uk wedding cost calculator","","0","","0.00",""
"until our wedding calculator","","0","","0.00",""
"us wedding cost calculator","","0","","0.00",""
"used wedding dress calculator","","0","","0.00",""
"used wedding dress price calculator","","0","","0.00",""
"usps postage calculator wedding invitation","","0","","0.00",""
"vivino wine calculator wedding","","0","","0.00",""
"weather channel wedding sunset calculator","","0","","0.00",""
"wed in system calculator","","0","","0.00",""
"wedding abroad budget calculator","","0","","0.00",""
"wedding abroad calculator","","0","","0.00",""
"wedding abroad cost calculator","","0","","0.00",""
"wedding affordability calculator","","0","","0.00",""
"wedding alchohol calculator","","0","","0.00",""
"wedding alchol calculator","","0","","0.00",""
"wedding alcohol calculations","","0","","0.00",""
"wedding alcohol calculator - bevmo","","0","","0.00",""
"wedding alcohol calculator 100 guests","","0","","0.00",""
"wedding alcohol calculator 200 people","","0","","0.00",""
"wedding alcohol calculator binny","","0","","0.00",""
"wedding alcohol calculator cost","","0","","0.00",""
"wedding alcohol calculator drinks per guest per hour","","0","","0.00",""
"wedding alcohol calculator heavy drinkers","","0","","0.00",""
"wedding alcohol calculator lcbo","","0","","0.00",""
"wedding alcohol calculator nz","","0","","0.00",""
"wedding alcohol calculator online","","0","","0.00",""
"wedding alcohol calculator signature drinks","","0","","0.00",""
"wedding alcohol calculator site theknot.com","","0","","0.00",""
"wedding alcohol calculator south africa","","0","","0.00",""
"wedding alcohol calculator tool free online","","0","","0.00",""
"wedding alcohol calculator virginia","","0","","0.00",""
"wedding alcohol calculator with cos","","0","","0.00",""
"wedding alcohol calculator with mixers","","0","","0.00",""
"wedding alcohol price calculator","","0","","0.00",""
"wedding alcohol.calculator","","0","","0.55",""
"wedding amount calculator","","0","","0.00",""
"wedding anniversary calculator months","","0","","0.00",""
"wedding attendee calculator","","0","","0.00",""
"wedding band calculator","","0","","0.00",""
"wedding band gold weight calculator","","0","","0.00",""
"wedding band weight calculator","","0","","0.00",""
"wedding banquet calculator","","0","","0.00",""
"wedding bar alcohol calculator","","0","","0.00",""
"wedding bar calculator uk","","0","","0.00",""
"wedding bar cost calculator","","0","","0.00",""
"wedding bar drink calculator","","0","","0.00",""
"wedding bar stock calculator","","0","","0.00",""
"wedding beer ratio calculator","","0","","0.00",""
"wedding beer wine liquor calculator","","0","","0.00",""
"wedding beverages calculator","","0","","0.00",""
"wedding booze calculator uk","","0","","0.00",""
"wedding budget allocation calculator","","0","","0.00",""
"wedding budget calculator and cost breakdown","","0","","0.00",""
"wedding budget calculator and cost estimation","","0","","0.00",""
"wedding budget calculator and cost management","","0","","0.00",""
"wedding budget calculator australia","","0","","0.00",""
"wedding budget calculator california","","0","","0.00",""
"wedding budget calculator compare financing available financing","","0","","0.00",""
"wedding budget calculator comparison accuracy","","0","","0.00",""
"wedding budget calculator download","","0","","0.00",""
"wedding budget calculator excel spreadsheet","","0","","0.00",""
"wedding budget calculator free uk","","0","","0.00",""
"wedding budget calculator in india","","0","","0.00",""
"wedding budget calculator ireland","","0","","0.00",""
"wedding budget calculator loan financing comparison","","0","","0.00",""
"wedding budget calculator nerdwallet","","0","","0.00",""
"wedding budget calculator nz","","0","","0.00",""
"wedding budget calculator online free","","0","","0.00",""
"wedding budget calculator philippines","","0","","0.00",""
"wedding budget calculator pinterest","","0","","0.00",""
"wedding budget calculator south africa","","0","","0.00",""
"wedding budget calculator sri lanka","","0","","0.00",""
"wedding budget calculator tool","","0","","0.00",""
"wedding budget calculator uae","","0","","0.00",""
"wedding budget calculator uk","","0","","0.00",""
"wedding budget calculator us","","0","","0.00",""
"wedding budget calculator with financing options","","0","","0.00",""
"wedding budget calculator with percentages","","0","","0.00",""
"wedding budget calculators accuracy","","0","","0.00",""
"wedding budget cost breakdown amount calculator","","0","","0.00",""
"wedding budget financing calculators","","0","","0.00",""
"wedding budget percentages calculator","","0","","0.00",""
"wedding budget planner calculator","","0","","0.00",""
"wedding budget to available financing calculators","","0","","0.00",""
"wedding budget vs financing calculator","","0","","0.00",""
"wedding byob calculator","","0","","0.00",""
"wedding cake budget calculator","","0","","0.00",""
"wedding cake calculator servings","","0","","0.00",""
"wedding cake cost calculation","","0","","0.00",""
"wedding cake cost calculator canada","","0","","0.00",""
"wedding cake cost calculator uk","","0","","0.00",""
"wedding cake portion calculator","","0","","0.00",""
"wedding cake ribbon calculator","","0","","0.00",""
"wedding cake tier calculator","","0","","0.00",""
"wedding calcula","","0","","0.00",""
"wedding calculation","","0","","0.00",""
"wedding calculator australia","","0","","0.00",""
"wedding calculator boston area","","0","","0.00",""
"wedding calculator budger","","0","","0.00",""
"wedding calculator budget","","0","","1.82",""
"wedding calculator canada","","0","","0.00",""
"wedding calculator cheap","","0","","0.00",""
"wedding calculator date","","0","","1.28",""
"wedding calculator estimator","","0","","0.00",""
"wedding calculator for alcohol","","0","","0.55",""
"wedding calculator for boston ma","","0","","0.00",""
"wedding calculator gift","","0","","0.00",""
"wedding calculator guests","","0","","0.00",""
"wedding calculator india","","0","","0.00",""
"wedding calculator israel","","0","","0.00",""
"wedding calculator italy","","0","","0.00",""
"wedding calculator nerdwallet","","0","","0.00",""
"wedding calculator nz","","0","","0.00",""
"wedding calculator quiz","","0","","0.00",""
"wedding calculator site","","0","","0.00",""
"wedding calculator south africa","","0","","0.00",""
"wedding calculator template","","0","","0.00",""
"wedding calculator uk","","0","","0.00",""
"wedding calculators","","0","","1.70",""
"wedding candy bar calculator","","0","","0.00",""
"wedding cash amount calculator","","0","","0.00",""
"wedding caterer budget calculator","","0","","0.00",""
"wedding catering cost calculation","","0","","0.00",""
"wedding ceremony space calculator","","0","","0.00",""
"wedding check calculator","","0","","0.00",""
"wedding checklist budget calculator","","0","","0.00",""
"wedding chicken taco bar calculator","","0","","0.00",""
"wedding cocktail hour calculator","","0","","0.00",""
"wedding confetti calculator","","0","","0.00",""
"wedding cookie calculator","","0","","0.00",""
"wedding cost calculator australia","","0","","0.00",""
"wedding cost calculator by location","","0","","0.00",""
"wedding cost calculator canada","","0","","0.00",""
"wedding cost calculator compare to loan or financing","","0","","0.00",""
"wedding cost calculator south africa","","0","","0.00",""
"wedding cost calculator spreadsheet","","0","","0.00",""
"wedding cost canada calculator","","0","","0.00",""
"wedding countdown calculator for facebook","","0","","0.00",""
"wedding dance floor calculator","","0","","0.00",""
"wedding dance floor size calculator","","0","","0.00",""
"wedding date astrology calculator 2016","","0","","0.00",""
"wedding date astrology calculator 2018","","0","","0.00",""
"wedding date birthday numerology calculator","","0","","0.00",""
"wedding date calculation","","0","","0.00",""
"wedding date calculator 2015","","0","","0.00",""
"wedding date calculator 2021","","0","","0.00",""
"wedding date calculator 2022","","0","","0.00",""
"wedding date calculator 2023","","0","","0.00",""
"wedding date calculator astrology 2018","","0","","0.00",""
"wedding date calculator based on date of birth 2018","","0","","0.00",""
"wedding date calculator based on date of birth in hindi","","0","","0.00",""
"wedding date calculator based on nakshatra","","0","","0.00",""
"wedding date calculator based on name","","0","","0.00",""
"wedding date calculator by name","","0","","0.00",""
"wedding date calculator feng shui","","0","","0.00",""
"wedding date calculator numerology","","0","","0.00",""
"wedding date calculator online","","0","","0.00",""
"wedding date countdown calculator","","0","","0.00",""
"wedding dates calculation","","0","","0.00",""
"wedding dates calculator","","0","","1.28",""
"wedding day budget calculator","","0","","0.00",""
"wedding day cost calculator","","0","","0.00",""
"wedding day period calculator","","0","","0.00",""
"wedding day schedule calculator","","0","","0.00",""
"wedding day weather calculator","","0","","0.00",""
"wedding days calculator","","0","","0.00",""
"wedding dress body shape calculator","","0","","0.00",""
"wedding dress boning measurements torso calculator","","0","","0.00",""
"wedding dress boning measurements waist hips calculator","","0","","0.00",""
"wedding dress cost calculator","","0","","0.00",""
"wedding dress depreciation calculator","","0","","0.00",""
"wedding dress measurements calculator","","0","","0.00",""
"wedding dress price calculator","","0","","0.00",""
"wedding dress resale calculator","","0","","0.00",""
"wedding drink calculator australia","","0","","0.00",""
"wedding drink calculator champagne","","0","","0.00",""
"wedding drink calculator evite","","0","","0.00",""
"wedding drink calculator for brunch","","0","","0.00",""
"wedding drink calculator real simple","","0","","0.00",""
"wedding drink consumption calculator","","0","","0.00",""
"wedding drinking calculator","","0","","0.00",""
"wedding drinks calculator australia","","0","","0.00",""
"wedding drinks calculator nz","","0","","0.00",""
"wedding drinks per person calculator","","0","","0.00",""
"wedding dropoff calculator","","0","","0.00",""
"wedding envelope gift calculator","","0","","0.00",""
"wedding event alcohol calculator","","0","","0.00",""
"wedding expense calculator","","0","","1.65",""
"wedding expense calculator india","","0","","0.00",""
"wedding expenses calculator india","","0","","0.00",""
"wedding favor calculator","","0","","0.00",""
"wedding finance calculator","","0","","0.00",""
"wedding flower calculator spreadsheet","","0","","0.00",""
"wedding flower calculator uk","","0","","0.00",""
"wedding flower cost calculator south africa","","0","","0.00",""
"wedding flower stem calculator","","0","","0.00",""
"wedding flowers budget calculator","","0","","0.00",""
"wedding food and beverage calculator","","0","","0.00",""
"wedding full bar calculator","","0","","0.00",""
"wedding genrelopw calculator","","0","","0.00",""
"wedding gfit calculator","","0","","0.00",""
"wedding gift amount 2024 calculator","","0","","0.00",""
"wedding gift amount calculator or guidelines 2026","","0","","0.00",""
"wedding gift calculator 2014","","0","","0.00",""
"wedding gift calculator 2015","","0","","0.00",""
"wedding gift calculator 2016","","0","","0.00",""
"wedding gift calculator 2018","","0","","0.00",""
"wedding gift calculator 2020","","0","","0.00",""
"wedding gift calculator 2021","","0","","0.00",""
"wedding gift calculator 2022","","0","","0.00",""
"wedding gift calculator canada","","0","","0.00",""
"wedding gift calculator new york","","0","","0.00",""
"wedding gift calculator uk","","0","","0.00",""
"wedding gift calculators","","0","","0.00",""
"wedding gift etiquette cash calculator","","0","","0.00",""
"wedding gift money calculator","","0","","0.45",""
"wedding gift price calculator","","0","","0.00",""
"wedding gift registry calculator","","0","","0.00",""
"wedding goal calculator india","","0","","0.00",""
"wedding guest cost calculator","","0","","0.00",""
"wedding guest drink calculator","","0","","0.00",""
"wedding guest gift calculator","","0","","0.00",""
"wedding guest number calculator","","0","","0.00",""
"wedding guest wine calculator","","0","","0.00",""
"wedding head count calculator","","0","","0.00",""
"wedding how much alcohol calculator","","0","","0.00",""
"wedding investment calculator","","0","","0.00",""
"wedding invitation cost calculator","","0","","0.00",""
"wedding invitation wording calculator","","0","","0.00",""
"wedding invite calcular","","0","","0.00",""
"wedding invite calculator","","0","","0.00",""
"wedding keg calculator","","0","","0.00",""
"wedding layout calculator","","0","","0.00",""
"wedding loan calculator india","","0","","0.00",""
"wedding money calculator","","0","","0.00",""
"wedding napkin calculator","","0","","0.00",""
"wedding open bar calculator","","0","","0.36",""
"wedding party food calculator","","0","","0.00",""
"wedding payment calculator","","0","","0.00",""
"wedding photography calculator","","0","","0.00",""
"wedding picture timeline calculator","","0","","0.00",""
"wedding pizza calculator","","0","","0.00",""
"wedding plan calculator","","0","","0.00",""
"wedding planner budget calculator","","0","","1.65",""
"wedding planner calculator uk","","0","","0.00",""
"wedding planner date calculator","","0","","0.00",""
"wedding planner sunset calculator","","0","","0.00",""
"wedding planning checklist budget calculator","","0","","0.00",""
"wedding planning drink calculator","","0","","0.00",""
"wedding pro revenue calculator","","0","","0.00",""
"wedding reception budget calculator","","0","","0.00",""
"wedding reception food cost calculator","","0","","0.00",""
"wedding reception guest calculator","","0","","0.00",""
"wedding reception liquor calculator","","0","","0.55",""
"wedding reception open bar calculator","","0","","0.00",""
"wedding reception room size calculator","","0","","0.00",""
"wedding reception seating calculator","","0","","0.00",""
"wedding reception website calculation to narrow down the venues","","0","","0.00",""
"wedding registry gift calculator","","0","","0.00",""
"wedding registry gift calculator how many gifts","","0","","0.00",""
"wedding rental calculator","","0","","0.00",""
"wedding rental tables calculator","","0","","0.00",""
"wedding ring insurance calculator","","0","","0.00",""
"wedding ring loan calculator","","0","","0.00",""
"wedding ring salary calculator","","0","","0.00",""
"wedding rose petal calculator","","0","","0.00",""
"wedding saver calculator","","0","","0.00",""
"wedding seating calculator","","0","","0.00",""
"wedding seating chart size calculator","","0","","0.00",""
"wedding signature drink calculator","","0","","0.00",""
"wedding site budget calculator","","0","","0.00",""
"wedding space calculator","","0","","0.00",""
"wedding spending calculator","","0","","0.00",""
"wedding spirits calculator","","0","","0.00",""
"wedding spot calculator","","0","","0.00",""
"wedding square footage calculator","","0","","0.00",""
"wedding sunset calculator","","0","","0.00",""
"wedding table seating calculator","","0","","0.00",""
"wedding table space calculator","","0","","0.00",""
"wedding tax and gratuity calculator","","0","","0.00",""
"wedding tax calculator","","0","","0.00",""
"wedding tent rental calculator","","0","","0.00",""
"wedding toast champagne calculator","","0","","0.00",""
"wedding venor tip calculator","","0","","0.00",""
"wedding venue capacity calculator","","0","","0.00",""
"wedding venue space calculator","","0","","0.00",""
"wedding video cost calculator","","0","","0.00",""
"wedding video production calculator","","0","","0.00",""
"wedding videography calculator","","0","","0.00",""
"wedding website with budget calculator","","0","","0.00",""
"wedding wine and beer calculator","","0","","0.41",""
"wedding wine and liquor calculator real simple","","0","","0.00",""
"wedding wine beer calculator","","0","","0.00",""
"wedding wine calculator nz","","0","","0.00",""
"wedding wine calculator real simple","","0","","0.00",""
"wedding wine consumption calculator","","0","","0.00",""
"wedding with only wine and beer calculator","","0","","0.00",""
"wedding.budget calculator","","0","","1.82",""
"weddings alcohol calculator","","0","","0.00",""
"weder kauta bond calculator","","0","","0.00",""
"weder kauta calculator","","0","","0.00",""
"wedgewood wedding calculator","","0","","0.00",""
"what size wedding dress calculator","","0","","0.00",""
"wind and beer calculator for wedding reception","","0","","0.00",""
"wine and liquor calculator wedding","","0","","0.00",""
"wine beer calculator wedding","","0","","0.00",""
"wine bottles needed for wedding calculator","","0","","0.00",""
"wine calculator for wedding dinner","","0","","0.00",""
"wine calculator wedding total wine","","0","","0.00",""
"wine for wedding reception calculator","","0","","0.00",""
"wine wedding calculator","","0","","0.45",""
"woodhill hall wedding calculator","","0","","0.00",""
"your wedding company budget calculator","","0","","0.00",""
"zola wedding alcohol calculator","","0","","0.00",""